ID,TITLE,LOCATION,SUMMARY
https://kr.indeed.com/viewjob?jk=b46bd2383827ac9f,[DI팀] Data Engineer (인프라 및 파이프라이닝 개발),서울 강남구,"통신·모바일·게임>빅데이터·AI(인공지능)>
Python|인터넷·IT·통신·모바일·게임>ERP·시스템분석·설계>빅데이터|인터넷·IT·통신·모바일·게임>응용프로그래머>
Python|인터넷·IT·통신·모바일·게임>응용프로그래머>JAVA"
https://kr.indeed.com/viewjob?jk=7c7d496fb524681a,제어 엔지니어,서울 강남구,"Matlab / Simulink 프로그래밍에 자신 있는 분 *[우대사항]* - 컨트롤러 설계 경험 - C 또는 
Python 프로그래밍 역량 - 석사학위자의 경우 병역특례 가능 - 운전 가능자 *[혜택 및 복지]* * 유연..."
https://kr.indeed.com/viewjob?jk=e03c3db92d5c1291,"백엔드, 웹개발 경력 정규직 - 스타트업/워라밸/수평문화/연봉최대협의",안양 동안구,"mindhub.aiJob Description◎ 채용제목백엔드 개발자 채용◎ 자격요건- Node.js 또는 
python 개발자- React.js, Vue.js, Flask, Django 중 1가지 경험자- REST-API..."
https://kr.indeed.com/viewjob?jk=4d6fa0f1b9726d7c,디지털 미디어 매니저(퍼포먼스&브랜딩) 신입/경력,서울 서초구,"[우대 요건] 1) 마케팅 전공자 2) 영어 커뮤니케이션 가능자 3) 
Python을 통한 프로그래밍 가능자 4) 구글 및 페이스북 셀프서브 가능자 5) GA 및 써드파티 트래커 활용 가능자 마케팅·광고·홍보·조사>마케팅>온라인마케팅"
https://kr.indeed.com/viewjob?jk=f317eb960a3ce005,Product Engineer - MPC/MDP/MDM,경기도 성남,"experience... following: EDA with emphasis on semi OPC; C/C++, 
Python, TCL, MATLAB or any high-level programming language..."
https://kr.indeed.com/viewjob?jk=64e3d977c702eb32,경력사원,대한민국,"리눅스환경/프로그래밍(C＋＋, 
Python) 활용능력 보유 - 비전, 라이... 프로그램 구조 설계 및 개발 경력 - 리눅스환경/프로그래밍(C＋＋, 
Python) 활용능력 보유 - SW 개발방법론/Engineering 전공 및..."
https://kr.indeed.com/viewjob?jk=48c56fc0745c828e,D-lab 팀원 모집,서울 여의도,"Spark 등) - Data Pipeline 구성, 모니터링 및 성능 최적화 (Tableau 또는 
Python Torch, Tensorflow 등 ML Library와 BI 분석을 위한 데이터 공급) 2) Back..."
https://kr.indeed.com/viewjob?jk=bbbfbb33164df0e3,"Junior Software Engineer, Server Platform",서울,"프라 위에 안정적이고 효율적인 서비스 설계 및 구축 핵심 자격요건 
Python, Java, Kotlin, Go, C++ 등 서버 사이드 프로그래밍... Understanding of 
Python, Java, and Event..."
https://kr.indeed.com/viewjob?jk=f9f5ecb660066b9f,"Senior Analyst, ESG Innovation & Solutions",서울,"team • Working experience in data analytics, including coding in 
Python or R, complemented by excellent Excel skills • Public..."
https://kr.indeed.com/viewjob?jk=5e3c9018f69560e4,인공지능 기반 반도체 설계 소프트웨어 개발자,서울 서초구,"또는 경험자- 프로그래밍 언어: 
python, C, C++, Qt 프로그램... 인공지능 관련 프로그램 교육 이수 또는 경험자- 프로그래밍 언어: 
python, C, C++, Qt 프로그램 경험자 인터넷·IT·통신·모바일·게임..."
https://kr.indeed.com/viewjob?jk=802479a115e2b6b1,데이터 사이언티스트,서울 강남구,"AI(인공지능)>
Python|인터넷·IT·통신·모바일·게임>응용프로그래머>머신러닝(ML)|인터넷·IT·통신·모바일·게임>응용프로그래머>인공지능(AI)|인터넷·IT·통신·모바일·게임>응용프로그래머>
Python|인터넷·IT·통신..."
https://kr.indeed.com/viewjob?jk=a692f83229bd339f,Datacenter Engineer,서울,"Base Operating System Install • Some experience with Perl, 
Python, Bash or Java • Core OS Services: ssh, telnet, ftp, nfs..."
https://kr.indeed.com/viewjob?jk=dbf50176b1b5b561,자연어 및 검색 질의 분석과 처리 위한 시스템 개발 분야,서울 강남구,"직무 키워드Linux, Java, 
Python, NLP, Machine... 데이터분석|인터넷·IT·통신·모바일·게임>빅데이터·AI(인공지능)>
Python|인터넷·IT·통신·모바일·게임>빅데이터·AI(인공지능)>머신러닝|인터넷..."
https://kr.indeed.com/viewjob?jk=f3ce510545d816e5,PHP/MYSQL 개발자,서울 서초구,"개발- 내부 업무 자동화[필수조건]ㆍPHP, MYSQL 또는 웹 개발 경험[우선 채용 조건]ㆍ컴퓨터 공학전공ㆍ
Python 가능자ㆍCrawling 유경험자ㆍUIPATH 유경험자[복리후생]ㆍ오전8시~10시 매일 자유롭게 출근합니..."
https://kr.indeed.com/viewjob?jk=603dd05f6481dd51,Staff Applications Engineer,서울,"power grid, etc.; Text-Based Programming, C++, VB, Java, 
Python, etc.; Experience in developing in RT based microcontrollers..."
https://kr.indeed.com/viewjob?jk=2f56d4b70c1df086,하반기 인턴직 모집,서울 을지로2가,"지니어 (IT 인프라 관리/운영) 서버, 네트워크 Bash, Java, 
Python ① 학력 : 초대졸 이상 (2020년 2월 이후 졸업/졸업예정... JavaScript, VC++, 
Python) 한솔 PNS IT 부문..."
https://kr.indeed.com/viewjob?jk=28e8827913a5a90b,[서울게임아카데미] 게임개발분야 국기 교육생,서울 종로구,"통신·모바일·게임>웹프로그래머>
Python|인터넷·IT·통신·모바일·게임... 로그래머>머신러닝(ML)|인터넷·IT·통신·모바일·게임>응용프로그래머>
Python|인터넷·IT·통신·모바일·게임>응용프로그래머>증강현실(AR)|인터넷..."
https://kr.indeed.com/viewjob?jk=b2eb1fe78ff9ee5f,[대기업] 데이터분석가 경력 (대리~과장급 2명),서울,"경력5년 이상-통계분석과 Machine Learning알고리즘에 대한 기본지식 보유-SQL, SAS, R, 
Python 중2개 이상의 분석도구에 대한 기본 이해-현상에 대한 문제인식과 적극적인 문제해결의지-통계적 수치에 대한..."
https://kr.indeed.com/viewjob?jk=a3a65a4d59061430,위시켓과 함께할 서버개발자님,서울 강남구,"를 활용한 정적 페이지 연계 - Docker, Jenkins 등을 활용한 CI/CD 개선 자격조건 - 
Python 기반의 프레임워크를 이용한 웹서비스 구축 또는 운영 경험 - Django 기반의 웹 서비스 구축 또는 운영..."
https://kr.indeed.com/viewjob?jk=79fb95da6dff4025,하반기 신입(채용 연계형 인턴) 수시채용,서울 마곡동,"Python, R, 기타 코딩 능력 보유자 또는 통계 분석에 대한 기초 지식 보유자 중 1개 해당자 우대사항 · 통계 분석에 대한 기초 지식 보유자 · 기초 프로그래밍 코딩 구현 능력 보유자 (
Python or R..."
https://kr.indeed.com/viewjob?jk=a9b495cf8bbde126,Smart Factory 분야별 경력사원,경기도 파주,"Repair S/W제작) 2) 숙련된 
Python , C/C++ 프로그래밍... 레이 공정/장비 운영/관리 경력을 2년 이상 보유하신 분 2) R, 
Python 등 코딩 능력을 갖추신 분 우대자격 1) OLED EVP, Photo..."
https://kr.indeed.com/viewjob?jk=cae2de07045cfb2b,"Java, Python 영상툴 개발자",서울 마곡동,"원하면 가능) 담당업무 - 영상 라벨링 Tool 개발 - Tool 정확성 개선 자격요건 - Java - 
Python 우대사항 - 관련 개발 경력 - 툴개발 경력 근무조건 - 월~금 AM9:30 ~ PM18:30 복지..."
https://kr.indeed.com/viewjob?jk=9f394b5524026b45,백엔드 개발자 [경력],서울 강남구,"래머>JAVA|인터넷·IT·통신·모바일·게임>웹프로그래머>백엔드|인터넷·IT·통신·모바일·게임>웹프로그래머>
Python|인터넷·IT·통신·모바일·게임>응용프로그래머>JAVA|인터넷·IT·통신·모바일·게임>응용프로그래머>자바스..."
https://kr.indeed.com/viewjob?jk=ad07d6a330fb619a,[NHN Cloud] 운영 및 기술지원,성남 판교역,"Linux, Microsoft Solutions 등) - 2년 이상의 개발 경험 (Java, 
Python 등) - 기술 문서 작성 및 가이드 경험이 풍부한 자 - 대외 고객 기술 지원 경험 - Windows..."
https://kr.indeed.com/viewjob?jk=40edd17797bfcfbe,웹 프로그래머 채용,서울 서초구,"ㆍ 웹 솔루션 및 웹 사이트 개발 ㆍ PHP, JSP, JAVA, CSS, Jquery, MYsql ㆍ 
python 경력자 우대 ㆍ 서버 관리 경험자 우대 ㆍ 전산 관련 전공자 우대 *급여 내용 신입 - 기본급 : 200..."
https://kr.indeed.com/viewjob?jk=55a19c92c845685e,Developer / Designer recruit,서울 논현동,"language (i.e 
Python, Ruby, Java, .Net... High proficiency in 
Python... knowledge... least one 
Python web framework..."
https://kr.indeed.com/viewjob?jk=62d77051fa88c8d2,Plant Purchasing (양산 구매),경기도 이천,"office 활용 능력최신 정보 분석 도구 활용 능력 우대 (KNIME, Power BI, UiPath, 
Python, RPA 등 경영·인사·총무·사무>구매·자재>외자구매|경영·인사·총무·사무>구매·자재>자재구매|경영·인사..."
https://kr.indeed.com/viewjob?jk=e3f3b7e2103d9bc7,"웹개발, 백엔드 외 신입/경력 정규직",서울 강남구,"로그래머>웹개발|인터넷·IT·통신·모바일·게임>웹프로그래머>백엔드|인터넷·IT·통신·모바일·게임>웹프로그래머>프론트엔드|인터넷·IT·통신·모바일·게임>웹프로그래머>
Python|인터넷·IT·통신·모바일·게임>웹프로그래머>PHP"
https://kr.indeed.com/viewjob?jk=2b5b5e6d5deae281,[고객서비스] 데이터 분석 및 예측모형 개발 담당자,서울 영등포구,"Python, R 등을 사용한 데이터 핸들링 역량을 보유한 분· 적극적이고 원활한 커뮤니케이션 능력을 갖춘 분 인터넷·IT·통신·모바일·게임>데이터베이스·DBA>SQL|인터넷·IT·통신·모바일·게임>응용프로그래머>
Python..."
https://kr.indeed.com/viewjob?jk=65d17e4704beb445,네트워크 보안 담당자 채용,서울 중학동,"정보보안기사 등 관련 자격증을 보유하신 분 - 포렌식 업무 경험 또는 관련 자격증을 보유하신 분 - Java, 
Python 등 프로그래밍 언어가 능숙하신 분 근무조건 [근무조건] - 근무형태 : 정규직 - 모집인원 : 명..."
https://kr.indeed.com/viewjob?jk=053378a070533ffc,DBA,서울 강남구,"경험이 있으신 분 MySQL 모니터링 및 트러블 슈팅 경험이 있으신 분 스크립트 언어 사용이 가능하신 분 (
Python, Shell 등) [우대요건] Kubernetes 환경 경험이 있으신 분 부하테스트를 즐겨하시는 분 긍정..."
https://kr.indeed.com/viewjob?jk=e0bef9a946163b69,Hive 게임 지표·분석 시스템 웹/서버 개발자(경력),서울 금천구,"모바일·게임>응용프로그래머>
Python|인터넷·IT·통신·모바일·게임>웹프로그래머>JAVA|인터넷·IT·통신·모바일·게임>웹프로그래머>웹개발|인터넷·IT·통신·모바일·게임>웹프로그래머>
Python|인터넷·IT·통신·모바일..."
https://kr.indeed.com/viewjob?jk=cae856b09262a4bb,2월 11번가 Backend 개발 경력공채,서울 중구,"2. 활용기술[서버 개발] - Spring Boot 2.x, Spring Cloud, Reactor, 
Python, Node.js - Oracle, MongoDB, MySQL, Kafka, Redis, Spring Cloud..."
https://kr.indeed.com/viewjob?jk=5b025af34085389d,데이터 Infra/데이터 처리 분야 전문가,서울 중구,"총 보유경력 : 2년 이상 (학력/전공 : 학사 이상 )- Java, 
Python, Scala 중 적어도 한 가지 이상의 언어활용 역량- 러닝 프레임... 게임>빅데이터·AI(인공지능)>
Python|인터넷·IT·통신·모바일·게임..."
https://kr.indeed.com/viewjob?jk=27b06cad4f2d0c63,클라우드 엔지니어,성남 판교역,"있으신 분 -WebLogic, JBoss 및 Tomcat과 같은 WAS 설치 및 구성 경험 있으신 분 -
Python, Shell, Powershell 등의 스크립팅 언어 개발 경험 있으신 분 -대규모 프로젝트 수행 경험..."
https://kr.indeed.com/viewjob?jk=cce739f8b2b0ab64,"대기업 - 디지털 회로설계(FPGA,VHDL)대리",서울,"분석 및 대책 마련자격요건 : - Digital 회로 설계 능력 - MCU, VHDL/FPGA 사용 능력 - 
Python, C 등 Programming 언어 사용 능력 - 고속 신호 품질 측정을 위한 계측기 사용 능력우대사항..."
https://kr.indeed.com/viewjob?jk=72c3de496b865cfb,Solana Dapp Developer,서울,"Active public github page... plus* • Node.js, 
Python or other backend language • Contributions to open-source..."
https://kr.indeed.com/viewjob?jk=d158e683dc0b7500,파이썬 개발자 초중급 이상,서울 서초구,"전형 접수방법 채용시 접수방법: 인크루트 채용시스템 접수양식: 인크루트 이력서 기타 유의사항 입사지원서 및 제출서류에 허위사실이 있을 경우 채용이 취소될 수 있습니다. 인터넷·IT·통신·모바일·게임>응용프로그래머>
Python"
https://kr.indeed.com/viewjob?jk=df228c302c3c8f9b,서버개발자(벡앤드) 정규직,서울 강남구,"시스템 개발 [자격요건]• 경력사항: 경력(3년 이상 7년 이하)• 학력사항: 학력무관• 중상급 이상의 
Python 또는 JavaScript 언어 활용 가능자• Django 또는 Node.js rest framework에..."
https://kr.indeed.com/viewjob?jk=dc7d762fde27ebce,데이터 분석 및 지표 설계,경기도 성남,"활하신 분 - 스프레드시트, Excel 등을 활용하여 데이터 검토가 가능하신 분 [우대사항] - R, 
Python 등 데이터 분석을 위한 개발언어 스킬을 보유하신 분 - 미디어플랫폼 비즈니스 경험이 있거나 관심이 있으..."
https://kr.indeed.com/viewjob?jk=2e46f8b2ba482821,"Customer Engineer, Data Analytics, Google Cloud",서울,"writing code in a common development language... Java, 
Python, JavaScript, C++, Scala, R or Go. About the job..."
https://kr.indeed.com/viewjob?jk=d49618d656468d9b,데이터 분석가,서울 송파구,"및 분석, 개선- 서비스화를 위한 플랫폼 적용✔️ 필요 역량입니다.- 분석 업무 3~10년 이하 이신 분- 
python 언어를 통한 분석 가능하신 분- 분석을 통한 실제 비즈니스 문제 해결 경험- 다양한 직군과의 커뮤니케이션..."
https://kr.indeed.com/viewjob?jk=3e7b756ca8ec169f,가상화 엔지니어 정규직,서울 서초구,"DM/NV 등) 우대사항 1) 정보처리산업기사 이상의 자격을 보유하신 분 2) PowerShell/Bash/
Python 등 System Script 경험이 있는 분 기타정보 1) 삼성전자 반도체 사업장 VMware 가상화..."
https://kr.indeed.com/viewjob?jk=84610059d3552ef1,(3200만이상/분당)만도연구소 소프트웨어 개발/검증 연구보조,성남 분당구,"SW 등 공학 관련 전공자 C사용 경험자 관련분야/업무 유경험자 우대 
Python 가능자 우대 Vector Case 사용 경험자 우대 자동차부품 전문... 사용 경험자[우대요건] - 
Python 경험자 - Vector Case..."
https://kr.indeed.com/viewjob?jk=3b7dbdf85a326a6d,국내 대기업 - AI 및 딥러닝 관련 경력자,서울,"관련 전문 지식 있는 분 - 
Python 또는 Scala, JAVA 활용... 레임워크 활용 역량 좋은 분- 자연어처리 관련 전문 지식 있는 분- 
Python 또는 Scala, JAVA 활용 역량- 미디어/커머스/전자/IT 업계..."
https://kr.indeed.com/viewjob?jk=45270f7fa037cf9c,"2022년 상반기 주식회사 쏘마 전 개발 직군 (백엔드, 프론트엔드 외 신입/경력 정규직)",성남 분당구,"트엔드|인터넷·IT·통신·모바일·게임>웹프로그래머>
Python|인터넷·IT·통신·모바일·게임>응용프로그래머>C·C++|인터넷·IT·통신·모바일·게임>응용프로그래머>
Python|인터넷·IT·통신·모바일·게임>빅데이터·AI(인공..."
https://kr.indeed.com/viewjob?jk=e1f6164f1d03449a,주식회사 데이터스트림즈 기술연구소 Python/Java 개발자,성남 분당구,"데이터스트림즈 기술연구소 
Python/Java 개발자 채용 모집부문 및 자격요건 담당업무 자격요건 우대사항 
Python/Java 개발 직군 경력직... 통신·모바일·게임>웹프로그래머>
Python|인터넷·IT·통신·모바일·게임..."
https://kr.indeed.com/viewjob?jk=0a57a69a13126ff5,셀프 인테리어 위한 AI 플랫폼 서비스 개발자,성남 분당구,"이상의 
python 또는 node.js실무 개발경험이 있는 분 -Restful API에 대한 이해와 실무경험이 있는 분 인터넷·IT·통신·모바일·게임>웹프로그래머>웹개발|인터넷·IT·통신·모바일·게임>웹프로그래머>
Python..."
https://kr.indeed.com/viewjob?jk=d08809180d5c7a39,스마트팩토리/MES 부문 경력,서울 강남구,"C#|인터넷·IT·통신·모바일·게임>응용프로그래머>JAVA|인터넷·IT·통신·모바일·게임>응용프로그래머>
Python|인터넷·IT·통신·모바일·게임>통신·모바일>플랫폼(VM)|인터넷·IT·통신·모바일·게임>통신·모바일>서비스기..."
https://kr.indeed.com/viewjob?jk=53123195365ac509,Validation Manager (CSS 모형),서울 강남구,"SQL|마케팅·광고·홍보·조사>조사·분석·통계>통계·SAS|인터넷·IT·통신·모바일·게임>응용프로그래머>
Python|인터넷·IT·통신·모바일·게임>응용프로그래머>머신러닝(ML)|인터넷·IT·통신·모바일·게임>빅데이터·AI..."
https://kr.indeed.com/viewjob?jk=d8ede1205c7d2ec8,보안개발(자동화) 담당자 모집,서울 구로구,"있으신 분 - Git 사용 경험이 있으신 분 - 원활한 커뮤니케이션 능력을 보유하신 분 우대조건 - 
Python Django 기반 백엔드 개발 경험 - Vue.js / React / Angular등 프론트엔드 프레임..."
https://kr.indeed.com/viewjob?jk=1e7abd65387c99cc,2022년 이공계열 전공자 대상 취업탐색 멘토 팀,서울 강남구,"통신·모바일·게임>웹프로그래머>
Python|인터넷·IT·통신·모바일·게임... 로그래머>인공지능(AI)|인터넷·IT·통신·모바일·게임>응용프로그래머>
Python|인터넷·IT·통신·모바일·게임>응용프로그래머>증강현실(AR)|인터넷..."
https://kr.indeed.com/viewjob?jk=b114a0839f41b2d6,11번가 데이터 아키텍처/데이터 엔지니어 분야,서울 중구,"MYSQL, ERD, 표준화 관리
Python, Kafka, MongoDB... 능숙하신 분개발자/기획자 인터뷰를 통한 설계 및 데이터 개발 가능자
Python, Java 를 통한 데이터 처리와 Batch Program 개발우대..."
https://kr.indeed.com/viewjob?jk=ca4e9de503606218,각 부문별,성남 분당구,"C++|인터넷·IT·통신·모바일·게임>응용프로그래머>JAVA|인터넷·IT·통신·모바일·게임>응용프로그래머>
Python|인터넷·IT·통신·모바일·게임>응용프로그래머>머신러닝(ML)|인터넷·IT·통신·모바일·게임>응용프로그래머..."
https://kr.indeed.com/viewjob?jk=78e99625e5de3c95,전문연구요원 (병역특례) 수시 (AI / HW 분야),성남 분당구,"모델의 RTL IP 설계 및 IP 검증 가능자 - Language: 
Python/Perl, C/C++ [우대 조건] - ARM based SoC 설계... Linux, shell, tcl, 
python, perl 사용 원활..."
https://kr.indeed.com/viewjob?jk=1015284880e2ff62,라인프렌즈 2022년 각 부문 수시,서울 용산구,"통신·모바일·게임>웹프로그래머>
Python|인터넷·IT·통신·모바일·게임... 자바스크립트|인터넷·IT·통신·모바일·게임>빅데이터·AI(인공지능)>
Python|마케팅·광고·홍보·조사>마케팅>마케팅기획|마케팅·광고·홍보·조사>마케..."
https://kr.indeed.com/viewjob?jk=9e154b5b00d09b31,Software Engineer - Python and K8s,서울,"we are building a new community around 
Python opscode for open source applications... who enjoy 
Python, have a passion..."
https://kr.indeed.com/viewjob?jk=77b3e91b54377a1f,2022년 한국필립모리스(주) 각 부문,서울 영등포구,"통신·모바일·게임>웹프로그래머>
Python|인터넷·IT·통신·모바일·게임... 용프로그래머>자바스크립트|인터넷·IT·통신·모바일·게임>응용프로그래머>
Python|인터넷·IT·통신·모바일·게임>시스템프로그래머>펌웨어·어셈블러|인터..."
https://kr.indeed.com/viewjob?jk=52775b7d82398d85,"[대기업] 딥러닝 (AI, 영상인식) 전문가 (석박사급)",서울,"공지능)>딥러닝|인터넷·IT·통신·모바일·게임>빅데이터·AI(인공지능)>
Python|인터넷·IT·통신·모바일·게임>빅데이터·AI(인공지능)>데이터분석... 통신·모바일·게임>응용프로그래머>
Python|인터넷·IT·통신·모바일·게임..."
https://kr.indeed.com/viewjob?jk=84329a66291839cd,각 부문별,서울 강남구,"통신·모바일·게임>응용프로그래머>
Python|인터넷·IT·통신·모바일·게임... W 엔지니어|인터넷·IT·통신·모바일·게임>빅데이터·AI(인공지능)>
Python|유통·물류·운송·운전>유통·상품기획·MD>상품MD|유통·물류·운송..."
https://kr.indeed.com/viewjob?jk=89c18b3da8fa5bdb,SW/HW 개발직군,성남 분당구,"인터넷·IT·통신·모바일·게임>응용프로그래머>Android|인터넷·IT·통신·모바일·게임>응용프로그래머>
Python|인터넷·IT·통신·모바일·게임>응용프로그래머>JAVA|인터넷·IT·통신·모바일·게임>응용프로그래머>Linux..."
https://kr.indeed.com/viewjob?jk=27429905ec7f18d1,2022년 상반기 각부분 신입/경력,서울 서대문구,"정규대학 이상 학력 전공 무관 데이터 기획/분석/모형구축 관련 경험자 빅데이터 분석 툴 활용/분석능력 보유(
Python, R, Matlab, Tableau, SAS 등) [우대요건] 석사학위 이상 또는 대학원 재학생 빅데이터..."
https://kr.indeed.com/viewjob?jk=2d5a817addd5cc40,[신용리스크모델링] 개인사업자 신용평가모형 개발 및 운영 담당자,성남 분당구,"SAS|인터넷·IT·통신·모바일·게임>데이터베이스·DBA>SQL|인터넷·IT·통신·모바일·게임>응용프로그래머>
Python|인터넷·IT·통신·모바일·게임>응용프로그래머>머신러닝(ML)|인터넷·IT·통신·모바일·게임>빅데이터..."
https://kr.indeed.com/viewjob?jk=abdc136f65ceddd4,AI 분야,서울,"무를 경험하면서 조직과 함께 성장하고 싶으신 마인드를 보유하신 분 - 
Python 및 PyTorch, Tensorflow 등과 같은 딥러닝 프레임워크... 경력자 가능 - C/C++, 
Python, 딥러닝 프레임워크(PyTorch..."
https://kr.indeed.com/viewjob?jk=e3e1c9a3233eef1f,데이터 분석가 경력,서울 영등포구,"BI(Business Intelligence) Tool 활용 가능 (Tableau, Qlik 등) - R, 
Python 활용 가능 모집기한: ~ 본 포지션 채용 시점까지 제출방법: LG그룹 채용사이트(LG Careers)를..."
https://kr.indeed.com/viewjob?jk=dbb83e696ce19eb7,2022년 제1차 경력직원,서울 중구,"퀀트 운용 및 퀀트 리서치 경력 3년 이상 또는 - 빅데이터 분석 경력 3년 이상 - 프로그래밍 언어(
Python, SQL, R) 활용 능력 우대 - 퀀트 주식운용 - 퀀트 투자 전략 및 모델 개발 - 글로벌 금융시장 및..."
https://kr.indeed.com/viewjob?jk=114ce6ec44362f44,[TmaxEdu/R&D] 연구 개발자,성남 분당구,"CSS, JavaScript, TypeScript [Server 개발(사용 언어)] - Java, 
Python, SQL [Framework(사용 언어)] - React.js, Spring [입사 지원 시 참고 사항..."
https://kr.indeed.com/viewjob?jk=6dd48f3771d01215,"Student Researcher Intern, 2022",서울,"programming languages, including: C/C++, Java, MATLAB, Go, 
Python, or similar. Ability to speak and write in English fluently..."
https://kr.indeed.com/viewjob?jk=be6c1f03fa566f8e,추천 시스템 연구/개발,성남 판교역,"분야 석사 또는 박사 학위 소지자 적어도 하나 이상의 능숙한 프로그래밍 언어가 있으신 분 우대사항 
Python, C++, GPU 프로그래밍 숙련자 TensorFlow, PyTorch, implicit 등 머신러닝/추천..."
https://kr.indeed.com/viewjob?jk=69d3cc2cca262747,Machine Learning Engineer Intern - Korea,서울,"Strong algorithms and data structure skills. Fluent... least one programming language including 
Python, Java, and Golang."
https://kr.indeed.com/viewjob?jk=8d7887d0568db3e5,"'22년 현대중공업그룹 연구직(경력,신입) (수시 1차)",성남 분당구,"가능자(Matlab, C#, 
Python 등) 우대 근무지 분당 모집인원... 공자 우대 - 시뮬레이션/생산계획 시스템 개발 경험자 우대 - C#, 
Python 프로그래밍 가능자 우대 - 실무경력 3년 이상 (경력) 근무지 분당..."
https://kr.indeed.com/viewjob?jk=f54bac6c78fd3240,코딩에 빠진 수퍼 개발자 (펌웨어 개발),성남 수정구,"학력무관직무기술: 펌웨어(Firmware), Embedded System S/W 개발(판교) c/c++, 
Python 3 명 근무조건 고용형태: 정규직근무부서: 개발팀급여조건: 연봉 협의 후 결정 전형단계 및 제출서류 전형단..."
https://kr.indeed.com/viewjob?jk=c790595139a6ee19,[TmaxOS/R&D] OS부문 개발자,성남 분당구,"CD 개발 운영 [주 사용 언어] - C/C++ - JavaScript/TypeScript - Java - 
Python 자격요건 - 4년제 대졸(학사) 이상 / 기졸업자 또는 22년 8월 졸업 예정자 - 컴퓨터 및 전산관련..."
https://kr.indeed.com/viewjob?jk=1997051b9c1c6509,2022년 상반기 경력직/신입직,서울 마포구,"초대졸 이상 3년이상 이동통신사 업무 수행 경력 우대 메시징 제품(MMS,SMS,RCS) 개발경험 우대 
Python 프로그래밍 MongoDB SIP, Diameter, HTTP2, HTTPS 경력 우대 Unix/Linux C..."
https://kr.indeed.com/viewjob?jk=e23f77ff06e23346,소프트웨어 프로그래머 경력/신입,고양 덕양구,"공학, 응용소프트웨어공학, 정보통신공학 등ㆍ보안솔루션 경험자ㆍJAVA, Java Spring Framwarok, 
Python 개발 경험자 ㆍ 근무형태 : 정규직ㆍ 근무일시 : 주 5일(월~금) 오전 9시~오후 6시ㆍ 근무지역..."
https://kr.indeed.com/viewjob?jk=2b9e604e63e7e46d,[카카오커머스] 기술직군,성남 분당구,"우대사항 - 전자금융 감독규정, PCIDSS에 대한 실무 경험이나 이해도가 높으신 분 - JAVA, 
Python, shell script 등 개발 역량을 갖추신 분 - 웹/앱 취약점 진단 및 모의해킹 역량을 갖추신..."
https://kr.indeed.com/viewjob?jk=67c19d7ac0857ecd,빅데이터 분야,서울,"데이터 분석 모형 개발 ① R, 
Python, SQL 등 데이터 분석 도구... 분석 관련 자격 보유(빅데이터분석기사, ADsP, ADP 등) - R/
Python/SQL 등을 사용하여 데이터를 핸들링하고 대규모 데이터 셋에서 분석..."
https://kr.indeed.com/viewjob?jk=0399dadecd8188b8,4. 인프라개발팀 백엔드 개발자,성남 분당구,"인터넷·IT·통신·모바일·게임>웹프로그래머>
Python|인터넷·IT·통신·모바일·게임>ERP·시스템분석·설계>AWS|인터넷·IT·통신·모바일·게임>응용프로그래머>
Python|인터넷·IT·통신·모바일·게임>응용프로그래머..."
https://kr.indeed.com/viewjob?jk=7aa9c0db8d7febd2,빅데이터 플랫폼 데이터 엔지니어,서울 마곡역,"험자 - S/W 관련 자격증 보유자 - AWS (Redshift, S3 등) 기반 시스템 구축 경험자 - 
Python, SAS 스킬 보유자 - DB영역 기술 전문성 보유자 - IT 전반에 대한 이해도와 경험 보유자 필수 지원..."
https://kr.indeed.com/viewjob?jk=a7eca686000928d5,네이버 파이낸셜 플랫폼 운영,성남 삼평동,"Docker(kubernetes) 및 어플리케이션 배포 전략 지식 보유 - Shell script, 
python 및 web framework 등 기타 프로그래밍 언어 활용 가능 - 국가보훈대상자 및 장애인은 법령에 의거..."
https://kr.indeed.com/viewjob?jk=9038966ab39392f2,전장부품사업부 신입/경력사원,서울 마곡역,"전기차 충전 프로토콜(CCS, CHAdeMO) 유경험자 - Business 영어 회화 가능자 - C, 
Python 언어 개발자 [수행직무] - 차량용 Embedded S/W 분석, 설계, 구현 등 개발 전반 - AUTOSAR..."
https://kr.indeed.com/viewjob?jk=e30fe92d72ceb17c,"자율 주행, 로봇 SW 개발자",성남 수정구,"(주)에바 모집부문 및 자격요건 모집부문 담당업무 자격요건 인원 자율주행 SW 엔지니어
Python응용SW [담당업무]ROS 개발, 로봇 주행 알고리즘 개발, SW Optimization[근무부서 및 직급/직책]근무부서: 개발팀..."
https://kr.indeed.com/viewjob?jk=25b0fa17d08dd0cd,"자바스크립트, Python 외 신입/경력 정규직, 계약직, 인턴",서울 강남구,"인터넷·IT·통신·모바일·게임>응용프로그래머>자바스크립트|인터넷·IT·통신·모바일·게임>응용프로그래머>
Python|인터넷·IT·통신·모바일·게임>게임(Game)>서버·네트워크개발|인터넷·IT·통신·모바일·게임>게임(Game..."
https://kr.indeed.com/viewjob?jk=a496eb791c052ca8,연구 개발 프로그래머 (키메이커팀),서울 강남구,"이터·AI(인공지능)>
Python|인터넷·IT·통신·모바일·게임>응용프로그래머>가상현실(VR)|인터넷·IT·통신·모바일·게임>응용프로그래머>C·C++|인터넷·IT·통신·모바일·게임>응용프로그래머>
Python|인터넷·IT·통신..."
https://kr.indeed.com/viewjob?jk=5ea9ea023c6ccc03,"S/W 엔지니어, 데이터분석 신입/경력 정규직, 인턴",성남 분당구,"케이션 제작 및 유지보수 업무- 
Python, Golang, QT 중 선택... 2. 시스템프로그래머- 
Python, Golang, QT 중 선택 가능3. 영상데이터 분석 및 모델링- 
python기반 영상데이터 분석 및 모델링..."
https://kr.indeed.com/viewjob?jk=229eb9cfd32480ed,A.I.개발자,서울 송파구,"서비스 모델 IOT 플랫폼에 적용✔️ 필요 역량입니다.- 관련 경력 3 ~ 10년 이하 이신 분- 
python 언어를 통한 분석 가능하신 분- 리눅스 기반 개발 가능하신 분- 다양한 직군과의 커뮤니케이션, 다양한 상황에 대한..."
https://kr.indeed.com/viewjob?jk=9227b845fefe3105,이코딩아카데미 코딩교육 강사(시간제),성남 수정구,"졸업성별 : 성별무관나이 : 연령무관초중고 코딩교육 ㆍ엔트리,스크래치,앱인벤터 등 EPLㆍ아두이노, C, 
Python< C / 파이썬 필수 가능자 >- 수업 컨텐츠 자료는 모두 제공 교육·교사·강사·교직원>IT·문화·직업강..."
https://kr.indeed.com/viewjob?jk=defc4908df7ce048,의료 영상 인공지능(AI) 연구 경력/석사 (서울),서울 구로구,"learning) 관련 연구개발- 지원 자격인공지능, 머신러닝 등 관련 개발경력 2년 이상 / 신입 지원 가능
Python으로 개발 가능하신 분PyTorch, TensorFlow 등 딥러닝 프레임워크를 활용한 모델링이 가능하신..."
https://kr.indeed.com/viewjob?jk=49f11dfd7627efa4,Data Analyst,서울 영등포구,"가지신 분 Business Intelligence 시스템 및 비즈니스 리포팅 툴의 활용 능력 프로그래밍 언어(
Python/R, etc)를 활용하여 데이터 분석이 가능하신 분 더 나은 데이터 기반 서비스를 만들기 위해 동료들과..."
https://kr.indeed.com/viewjob?jk=8f98e142241884a4,[연구개발 부문] 연구원 (MCU 계측제어설계/머신비전/이미지프로세싱),경기도 광명,"프로그래밍 가능자 우대S/W 설계 부문 : - OPEN CV, TENSORFLOW, YOLO, CUDA/
Python, C++, C WindowsGUL APL, MFC Lib 활용 가능자. 머신비전/ 영상처리 개발자* 전기..."
https://kr.indeed.com/viewjob?jk=e91b5984e7f5d3fd,"데이터베이스개발자, 웹개발 신입/경력 정규직",서울 영등포구,"개발자 ㆍCss/html 등 웹디자인 관련 유경험자 ㆍ자바스크립트, 
Python, C++, 닷넷 등 ㆍNode, Selenium, electron... 관련 유경험자ㆍ자바스크립트, 
Python, C++, 닷넷 등 ㆍNode..."
https://kr.indeed.com/viewjob?jk=73a3a336028ae541,리스크/회계 시스템 담당자,서울 중구,"통신·모바일·게임>소프트웨어·하드웨어>소프트웨어|인터넷·IT·통신·모바일·게임>응용프로그래머>JAVA|인터넷·IT·통신·모바일·게임>데이터베이스·DBA>MySQL|인터넷·IT·통신·모바일·게임>웹프로그래머>
Python"
https://kr.indeed.com/viewjob?jk=87309d3ff40ead61,딥러닝 AI 개발 연구원,성남 수정구,"시스템프로그래머>임베디드(Embedded)|인터넷·IT·통신·모바일·게임>응용프로그래머>C·C++|인터넷·IT·통신·모바일·게임>응용프로그래머>Linux|인터넷·IT·통신·모바일·게임>빅데이터·AI(인공지능)>
Python"
https://kr.indeed.com/viewjob?jk=7460bee9995ddfee,클라우드 보안 서비스 담당자 [경력],서울 강남구,"함한 TCP / IP 프로토콜 스택 및 OSI 모델의 실제 응용 프로그램에 대한 깊은 지식- Linux 기술- 
Python / Shell 프로그래밍을 활용한 작업 자동화 및 도구 개발 가능자 우대 사항 영어 / 중국어 가능자..."
https://kr.indeed.com/viewjob?jk=684773d3141f91b5,[TmaxAI/R&D] NLP(자연어/문서/음성)부문 개발자,성남 분당구,"DB 개발 경험이 있으신 분 [음성, 자연어처리] -관련 분야의 연구 경험 / 기본 지식 보유자 -기본적인 
Python 프로그래밍이 가능하신 분 우대사항 [리더급] -전반적으로 인공지능 자연어/문서처리 기술에 대한 이해가..."
https://kr.indeed.com/viewjob?jk=29da7c78da7ffd5b,2022년 레드우드케이 S/W 엔지니어,서울 성동구,"인터넷·IT·통신·모바일·게임>응용프로그래머>자바스크립트|인터넷·IT·통신·모바일·게임>응용프로그래머>
Python|인터넷·IT·통신·모바일·게임>응용프로그래머>Linux|인터넷·IT·통신·모바일·게임>빅데이터·AI(인공지능..."
https://kr.indeed.com/viewjob?jk=c1eb021528f29732,2022년 상반기 IT/경영정보 신입경력사원,서울 구로구,"14p 인터넷·IT·통신·모바일·게임>응용프로그래머>JAVA|인터넷·IT·통신·모바일·게임>응용프로그래머>
Python|인터넷·IT·통신·모바일·게임>응용프로그래머>C·C++|인터넷·IT·통신·모바일·게임>응용프로그래머..."
https://kr.indeed.com/viewjob?jk=4e38193c08dd3fda,Data Engineer,서울,"Coding experience in more than one software language (ex: 
Python, R, Pandas, Javascript, Vue.js, React, Angular, and so..."
https://kr.indeed.com/viewjob?jk=71c47ac87bb4087e,기술 인턴 인공지능 응용 연구/개발 인턴,서울 관악구,"6개월) (협의) *모집 절차: 서류 à인터뷰(오프라인) *지원 자격: 프로그래밍 언어 활용 능력: 
Python, C, C++ 중 1가지 이상 데이터구조, 알고리즘 과목 이수 머신러닝과 딥러닝의 기본 개념 이해 머신러닝..."
https://kr.indeed.com/viewjob?jk=d83fc0dd2641f483,전문연구요원 (병역특례) 수시 (AI / SW 분야),성남 분당구,"요구 능력] - ASM/C/C++/
Python 언어 코딩 기술 - 운영체제... 경험 - Windows/Linux 상에서 C++/
Python 언어 사용 개발 경험 - C++ / 
Python 언어 사용 개발 경험 - 객체지향 설계에..."
https://kr.indeed.com/viewjob?jk=3617e30a1af44426,[NHN SOFT] Back-End 경력 개발자,성남 분당구,"통신·모바일·게임>웹프로그래머>
Python|인터넷·IT·통신·모바일·게임... 로그래머>증강현실(AR)|인터넷·IT·통신·모바일·게임>응용프로그래머>
Python|인터넷·IT·통신·모바일·게임>응용프로그래머>머신러닝(ML)|인터넷..."
https://kr.indeed.com/viewjob?jk=81e6d89be64b1731,5G RAN R&D 소프트웨어 개발자 신입/경력0명 채용,서울,"Erlang, Java, 
Python 부가적으로 사용되는 프로그래밍 언어: Erlang, Java, 
Python Recruitment... 스트는 C / C++ /Java/
Python 언어 중 선택으로 진행될 예정..."
https://kr.indeed.com/viewjob?jk=bbb82ba3ef01f2e6,Solutions Engineering Intern,서울,"Node.js and 
Python. Building innovative... 
Python programming languages. Technology used: JavaScript, Node.js, 
Python GitHub..."
https://kr.indeed.com/viewjob?jk=53c9741b09518b4f,Metaverse 서비스 Graphics 개발자,서울 중구,"경험그래픽스 프로젝트 및 게임 개발 경험자 프로그램 언어(C#, 
python 등)와 OpenGL, Vulkan 등 API를 이용한 개발 경험 인터넷... 용프로그래머>C#|인터넷·IT·통신·모바일·게임>응용프로그래머>
Python"
https://kr.indeed.com/viewjob?jk=f1d5989245c8a320,Korea - Member Growth Insights Manager,서울,"preferably competent with statistical packages... R, 
Python, SPSS, SAS, etc., as well as experience with statistical..."
https://kr.indeed.com/viewjob?jk=3086772415088e87,컴퓨터비전 개발자 경력 정규직,서울 성동구,"바일·게임>빅데이터·AI(인공지능)>인공지능(AI)|인터넷·IT·통신·모바일·게임>빅데이터·AI(인공지능)>
Python|인터넷·IT·통신·모바일·게임>소프트웨어·하드웨어>소프트웨어|인터넷·IT·통신·모바일·게임>응용프로그래머>C·C++"
https://kr.indeed.com/viewjob?jk=06d133676285b02e,[보안] 침해사고 대응,성남 판교역,"팩트 자동 수집 도구 개발 경험 - 아티팩트 분석 도구를 능숙하게 사용 가능하신 분 - C, Java, 
Python 등을 통한 업무 자동화 및 분석도구 개발 경험 - 기업 CERT 직무 수행 경험 - CVE 실무 경험..."
https://kr.indeed.com/viewjob?jk=1bc6c09051f1d591,AI Research Engineer,서울,"PyTorch, Caffe, and MxNet - Strong programming skills with 
Python and C/C++ - Experiences in programming and testing on Linux..."
https://kr.indeed.com/viewjob?jk=69a5690f8a4ca470,Software Engineer (소프트웨어 개발자),성남 분당구,"대졸 이상2. C/C++, C#, 
Python 등의 언어로 소프트웨어 개발... 용프로그래머>C·C++|인터넷·IT·통신·모바일·게임>응용프로그래머>
Python|인터넷·IT·통신·모바일·게임>전산·IT기술지원>S/W 엔지니어|인터..."
https://kr.indeed.com/viewjob?jk=dce9169c36eaaf92,[SAPEON Korea] Deep Learning Library 개발자,성남 분당구,"통신·모바일·게임>빅데이터·AI(인공지능)>데이터분석|인터넷·IT·통신·모바일·게임>빅데이터·AI(인공지능)>
Python|인터넷·IT·통신·모바일·게임>빅데이터·AI(인공지능)>머신러닝|인터넷·IT·통신·모바일·게임>빅데이터..."
https://kr.indeed.com/viewjob?jk=a5e926e1d22cdc11,각 분야별 인재 Pool 등록,서울,"자 - 데이터 분석 툴(Adobe Analytics 또는 Google Analytics) 유경험자 우대 - 
Python, R, SQL 역량 보유자 우대 - 데이터에 기반한 문제해결 능력 및 통계학적 지식 보유자 우대 - 담당..."
https://kr.indeed.com/viewjob?jk=9b0b800022f0a931,로직팀 설계인력,서울 서초구,"경험자ㆍMixed signal design 경험자ㆍscripting language 지식(Perl, 
Python, TCL, etc)ㆍDynamic control 지식 0 명 근무조건 고용형태: 정규직근무부서: Digital..."
https://kr.indeed.com/viewjob?jk=ce471720880ef5d5,Server Engineer,서울 영등포구,"대한 지식 및 판단을 토대로 뱅크샐러드 적용 가능성 제시 자격 요건 Golang/Java(Kotlin)/
Python 중 하나 이상을 이용한 서비스 설계 및 개발 경험 보유 CS Fundamental (자료 구조, 운영체제..."
https://kr.indeed.com/viewjob?jk=b766b1060113c310,[어니컴(주)] 데이터 분석가 신입/경력,서울 용산구,"이상- 프로그래밍 언어: R 혹은 
Python 활용 가능- 통계 또는 기계... 데이터분석|인터넷·IT·통신·모바일·게임>빅데이터·AI(인공지능)>
Python|인터넷·IT·통신·모바일·게임>빅데이터·AI(인공지능)>R|인터넷..."
https://kr.indeed.com/viewjob?jk=33b9259fb2f35050,UX Researcher - NPE Korea,서울,"early stage, zero to one products Experience using SQL/Hive, 
Python... R Experience with applied statistics Willingness..."
https://kr.indeed.com/viewjob?jk=36f0c8e045743b95,(주)미디어엠플러스 개발자,서울,"및 운영 실시간 송출 관련 시스템 지원 자격조건 웹퍼블리셔 및 웹개발 HTML, CSS javascript 
Python 기본 문법 DB 모집기간 2022-02-22 ~ 채용 시 마감 우대사항 react.js, redux 이용..."
https://kr.indeed.com/viewjob?jk=a8ed2e9b780a30fb,[대형증권사] IT개발(Front-end),서울 강남구,"통신·모바일·게임>웹프로그래머>JAVA|인터넷·IT·통신·모바일·게임>웹프로그래머>프론트엔드|인터넷·IT·통신·모바일·게임>웹프로그래머>
Python|인터넷·IT·통신·모바일·게임>웹프로그래머>HTML·DHTML·mHTML"
https://kr.indeed.com/viewjob?jk=dbe3257e487e5814,[AI/Lab] AI 백엔드 엔지니어 (전문연구요원 가능),서울,"플랫폼 및 시스템 구축 이런 분을 찾습니다 주도적으로 문제를 찾고, 해결할 수 있는 능력을 보유하신 분 
Python 또는 하나 이상의 언어에 능숙하신 분 Cache와 DB를 사용한 Restful API 개발 경험이 있으신분..."
https://kr.indeed.com/viewjob?jk=432d94f343bd94c1,22년(상) R&D 경력직 개발자,성남 분당구,"로그래머>
Python|인터넷·IT·통신·모바일·게임>통신·모바일>스마트폰 어플리케이션(App)|전자·기계·기술·화학·연구개발>기계·금속·재료>기계설계|인터넷·IT·통신·모바일·게임>빅데이터·AI(인공지능)>
Python|디자인..."
https://kr.indeed.com/viewjob?jk=d3a87d29ecd0fdac,NAVER Cloud 사내 플랫폼 운영,성남 분당구,"Network관련 기초 지식을 보유하고 계신 분 - script (
Python, Html, javascript, Linux shell 중 1개이상... 통신·모바일·게임>웹프로그래머>
Python|인터넷·IT·통신·모바일·게임..."
https://kr.indeed.com/viewjob?jk=82d47e44be45bb97,Junior Structural Engineer,서울,"Structural Modeling software : Midas, Sofistik… IT language: 
Python (nice to have) . Job Segment: Construction, Engineer..."
https://kr.indeed.com/viewjob?jk=4a5738febf355646,"[한국축산데이터] 백엔드 개발자, 프론트엔드 개발자, 엔지니어, AI연구원 (신입/경력)",서울 강남구,"개발자 (Spring)백엔드 개발자(
Python)백엔드 개발자(NestJS... 당업무]- 농장 전산 관리 프로덕트 (팜스플랜 매니저) 백엔드 개발 (
Python)[담당업무]- 가축 헬스케어 프로덕트 (팜스플랜) 백엔드 개발 인터..."
https://kr.indeed.com/viewjob?jk=ef98c82fd130b9e1,[AI] 연구 개발,성남 판교역,"관련 배경지식 보유자 - 
Python, C, C++ 개발 경험... 개발 경력 2년 이상 - 머신러닝 프로젝트 또는 백그라운드 보유 - 
Python, C, C++ 개발 경험 - Pytorch, Tensorflow..."
https://kr.indeed.com/viewjob?jk=3c1c5dc51d08cf18,Web / Spring Framework 개발자,서울 금천구,"게임>웹프로그래머>JAVA|인터넷·IT·통신·모바일·게임>웹프로그래머>
Python|인터넷·IT·통신·모바일·게임>웹프로그래머>ASP|인터넷·IT·통신... 통신·모바일·게임>응용프로그래머>
Python|인터넷·IT·통신·모바일·게임..."
https://kr.indeed.com/viewjob?jk=ffeca6a962d2f8fa,Software Engineer (소프트웨어 개발자),경기도 성남,"분석 및 수정 [자격요건] 필수 요건 1. 컴퓨터 공학 관련 학과 대졸 이상 2. C/C++, C#, 
Python 등의 언어로 소프트웨어 개발 경험 1년 이상 3. IDE, SCM 도구를 사용하여 임베디드 소프트웨어..."
https://kr.indeed.com/viewjob?jk=ca18223c95d8e094,11번가 Machine Learning 및 검색랭킹 개발 분야,서울 강남구,"UNIX 환경에서의 개발 경험 (2년이상)우대 사항Deep learning대용량 데이터 처리 관련 기반 지식
Python, Java 등 ProgrammingLucene / Solr / Elastic Search 관련 지식정보검..."
https://kr.indeed.com/viewjob?jk=9e86bf4a86abff0d,중소형 사업부_고객전략 분야 경력사원,서울 여의도역,"유하신 분 (영어 필수) 우대자격 - 산업공학/통계/전산학/데이터사이언스 관련 전공자 - 프로그래밍언어(R, 
Python 등) or BI tool(excel BI, Qlik, Power BI, Tableau 등) 활용한 업무..."
https://kr.indeed.com/viewjob?jk=6b00c6aff3cfeca6,Software Engineer (소프트웨어 개발자),경기도 성남,"skill (C++, C#, 
Python etc.) 3. Build CI... 선호) 2. 소프트웨어 코딩 스킬 (프로그램: C++, C#, 
Python etc.) 3. CI/CD Pipeline 구축 경험자 4. 소프트웨..."
https://kr.indeed.com/viewjob?jk=fc037709d0770796,System SW 엔지니어,성남 분당구,"사항: 대학교(4년)졸업 이상 [기본 요구능력] - ASM/C/C++/
Python 언어 코딩 기술 - 운영체제 SW 설계 및 구현 - 알고리즘/네트워... 게임>빅데이터·AI(인공지능)>
Python|인터넷·IT·통신·모바일·게임..."
https://kr.indeed.com/viewjob?jk=b25a378d97c7a56c,[AI] 서비스/시스템 개발,성남 판교역,"Elasticsearch 사용 경험 - MSA 에 대한 이해 - 
Python, C, C++ 개발 경험 - Docker 및 Container... 이용한 로그 시스템 운영 - 
Python 개발 경력 3년 이상 또는 그에..."
https://kr.indeed.com/viewjob?jk=bfe0f5ac4f32ec89,추천 통계분석/데이터사이언티스트 모집,성남 판교역,"통계, 수학 관련 분야의 석사 또는 박사 학위 소지자 숙련된 데이터분석 능력 데이터 사이언스를 위한 언어(
Python/R) 를 하나 이상 능숙하게 다룰 수 있으신 분 분석 결과를 설득력있게 전달할 수 있는 분 우대사항..."
https://kr.indeed.com/viewjob?jk=39d930f25b6d9e8e,AI Scientist (NL Reasoning),서울 중구,"taxonomies, and semantic networks * Knowledge of 
Python, Lisp, or another scripting language * Expertise in general..."
https://kr.indeed.com/viewjob?jk=0064deb5fa9cbce0,데이터 사이언티스트 모집,성남 판교역,"그리고 다양한 실험을 통해 알고리즘을 개선합니다. 지원자격 하나 이상의 프로그래밍 언어에 익숙한 분(
Python, Java, C/C++, Scala 등) 머신러닝/딥러닝 오픈소스를 이용하여 1년 이상 특정 서비스에 모델..."
https://kr.indeed.com/viewjob?jk=1fa918baacd1fc58,Software Engineer (MLOps),서울,"experience in more than one software language (ex: C++, 
Python, Vue.js, Model-based Engineering, and so on) Proper English..."
https://kr.indeed.com/viewjob?jk=050e9ec2f8975950,"Staff, Data Analyst (ROD)",서울,"Key Responsibilities: Utilize code (
Python, R, SQL etc... extracting, analyzing... package... R or 
Python Experience..."
https://kr.indeed.com/viewjob?jk=e11919aa1a40d234,Software Intern,서울,"good communication skills Good Programming Skills in C#, C, 
Python Understanding of attached peripherals (I2C, SPI) Basic..."
https://kr.indeed.com/viewjob?jk=031eec3794f09645,[데이터] 데이터 서비스/플랫폼 개발,성남 판교역,"데이터 수집, 처리 및 지표 분석 경험 - 데이터 기반의 문제해결 역량 및 논리적 사고 - Java, 
Python, Scala 중 최소 1가지 언어를 이용한 데이터 분석 및 소프트웨어 개발 역량 - 통계분석, ML/AI..."
https://kr.indeed.com/viewjob?jk=19beeb5c7f50c5b4,데이터 사이언티스트,서울,"맞게 데이터 모델 및 스키마를 꾸준히 개발 및 발전 * 이런 역량을 가지신 분을 찾습니다. - SQL / 
Python / R 등 데이터 분석 업무를 수행할 수 있는 하나 이상의 개발 언어를 경험하신 분 - 통계 지식에 대한..."
https://kr.indeed.com/viewjob?jk=0e2670e10f455c3b,백엔드 경력 정규직,서울 성동구,"대학교(4년)졸업 - 공학계열[다루는 프로그래밍 언어]• 
Python Django 또는 JAVA Spring 인터넷·IT·통신·모바일·게임>웹프로그래머>
Python|인터넷·IT·통신·모바일·게임>웹프로그래머>JAVA|인터넷..."
https://kr.indeed.com/viewjob?jk=42f10e68b30fd77f,데이터 플랫폼 백엔드 개발자 모집,서울 구로구,"GCP 환경의 플랫폼 개발 및 운영 - 데이터 파이프라인 구성 및 운영 자격요건 - Java, 
Python 중 하나 이상의 언어에 익숙한 분 - 자료구조, 알고리즘, 운영체제 등 전산 기초 지식이 있는 분 - SQL..."
https://kr.indeed.com/viewjob?jk=6d86e9f32d31c84f,Data 분야 경력,서울,"해가 뛰어난 자 - R, 
Python, SAS, SQL 등 활용 역량 우대사항(해당 내용 중 1개 이상) - ML/DL 경험 인력 우대 - 관련 분야 석사 이상 학위 소지자 우대 - R, 
Python등 데이터분석 모델링 경험..."
https://kr.indeed.com/viewjob?jk=e8004f38042e7d44,NAVER Cloud 사내 플랫폼 운영,성남 삼평동,"Network관련 기초 지식을 보유하고 계신 분 - script (
Python, Html, javascript, Linux shell 중 1개이상... WEB/WAS, DB운영 경험 - 
Python, JAVA 중 하나의 프로그..."
https://kr.indeed.com/viewjob?jk=269f9a96319ef19a,머신러닝 엔지니어 모집,성남 판교역,"델의 성능 검증 및 지속 개선 대규모 로그 데이터 통계 분석을 통한 피쳐 추출 지원자격 #필수사항 
Python, Java, C++ 등 언어 중 하나 이상 활용 가능하신 분 TensorFlow/Keras, PyTorch..."
https://kr.indeed.com/viewjob?jk=ddc6b45e6effaf83,대기업 Data Scientist 경력직 (판교),성남 분당구,"Reduce, Hadoop, Spark, Gurobi 등) 경험- 
Python, Pytorch 등 딥러닝 프레임워크 이해 및 개발 경험 [우대사항... 게임>빅데이터·AI(인공지능)>
Python|인터넷·IT·통신·모바일·게임..."
https://kr.indeed.com/viewjob?jk=75c8ba14a4c5b707,자동화장비 응용 SW개발 경력인재 - 대그룹 우량계열사,성남 분당구,"백엔드|인터넷·IT·통신·모바일·게임>웹프로그래머>프론트엔드|인터넷·IT·통신·모바일·게임>웹프로그래머>
Python|인터넷·IT·통신·모바일·게임>통신·모바일>정보통신기술(ICT)|인터넷·IT·통신·모바일·게임>통신·모바일..."
https://kr.indeed.com/viewjob?jk=1399ee2f387a27dd,카카오 전체의 계정 플랫폼을 만들 서버개발자 모집,성남 판교역,"를 사용한 웹어플리케이션 개발 하둡 에코시스템을 활용한 대용량 데이터 처리 Ruby on Rails, 
Python 을 사용한 개발 Kafka, Redis, Elastic Search 등을 활용한 개발 함께 성장하고 싶다면..."
https://kr.indeed.com/viewjob?jk=aa20b37148768ec5,Quantitative Researcher,서울,"etc.) Excellent academic record Proficiency in C/C++ or 
Python... other programming languages Excellent problem solving..."
https://kr.indeed.com/viewjob?jk=44157dd5812d858b,"웹개발, 프론트엔드 외 신입/경력 정규직",서울 금천구,"전공 학위자 - Machine Learning 기본 지식 보유자 - 
Python 언어 사용자※ 우대조건 - 데이터분석 경험 또는 유관 프로젝트 참여... 통신·모바일·게임>웹프로그래머>
Python|인터넷·IT·통신·모바일·게임..."
https://kr.indeed.com/viewjob?jk=dfd13a83f33db77a,[SAPEON Korea] Deep Learning Software Engineer,성남 분당구,"2년이상- 학력/전공 : 학력무관/전공무관이런 경험이 있다면더욱 좋습니다.※ 필요 역량 - C/C++ 또는 
Python에 대한 깊은 이해 및 능숙한 개발 능력 - 소프트웨어 설계 및 알고리즘 구현, 최적화 역량 - Linux..."
https://kr.indeed.com/viewjob?jk=51df90967b46e8f0,[외국계 스타트업 미소] Business Analyst,서울,"통신·모바일·게임>빅데이터·AI(인공지능)>데이터분석|인터넷·IT·통신·모바일·게임>빅데이터·AI(인공지능)>
Python|인터넷·IT·통신·모바일·게임>데이터베이스·DBA>MySQL|인터넷·IT·통신·모바일·게임>데이터베이스..."
https://kr.indeed.com/viewjob?jk=b515669e8032265b,[kt ds] 2022년 각 부문별 경력사원 수시,서울 서초구,"JAVA|인터넷·IT·통신·모바일·게임>응용프로그래머>C·C++|인터넷·IT·통신·모바일·게임>응용프로그래머>
Python|인터넷·IT·통신·모바일·게임>응용프로그래머>자바스크립트|인터넷·IT·통신·모바일·게임>응용프로그래머..."
https://kr.indeed.com/viewjob?jk=dc793caf2ce3e2bb,1분기 게임 서버 개발자 (신입/경력),서울 서초구,"프로그래밍 언어로 소프트웨어를 개발한 경험이 있는 분 * C/C++, C#, JavaScript, 
Python, Go.새로운 프로그래밍 언어를 습득하는데 어려움이 없거나 혹은 흥미를 갖고 있는 분OS/System..."
https://kr.indeed.com/viewjob?jk=fa41f0cea1315113,"정보전략팀(IT) 기획, 개발 경력사원 (~3/4)",대한민국,"년이내 - SQL(Oracle 또는 MS-SQL) 능통 - Java, XML, PL/SQL, VB, 
Python 중 1개 이상 개발경험 - 모바일(안드로이드,IOS) 개발 가능자 우대 - 회계시스템, OMS, PMS..."
https://kr.indeed.com/viewjob?jk=872035f47cfd4850,자산운용팀 전략/리스크팀 퀀트(겨울방학 인턴),대한민국,"공자의 경우 관련 과목 12학점 이상 이수 - Microsoft 엑셀 능숙자 선택 사항 (평가 가산점) - 
Python 또는 VBA 등 코딩 Skill 보유 - 관련 업종에서 2개월 이상 인턴쉽 또는 근무 경력 보유 - 관련..."
https://kr.indeed.com/viewjob?jk=86094f443b7e1dfa,[네이버파이낸셜] FDS 데이터분석 담당자,서울,"기획/운영 [자격요건] - 관련 업무 5년 이상 ~ 7년 이하 - 대용량 데이터 분석 가능자 (SAS, R, 
Python) - 머신러닝/딥러닝의 주요 방법론을 실제로 수행해본 경험자 - Hadoop (Hive/Impala..."
https://kr.indeed.com/viewjob?jk=00b0f4d1f5f56d14,모바일 운영서비스 빌드/배포/테스트 자동화 개발자,서울 마포구,"와 같은 컨테이너 기반 기술 이해 및 경험- 리눅스 환경에 대한 경험- 기본 스크립트 언어 경험 : 
Python / Bash / Perl 등- 지속적 통합 (Jenkins, Fastlane) 이해 및 경험- 소스형상관리..."
https://kr.indeed.com/viewjob?jk=7a165c95f20fa6aa,[신입/경력] 스마트 교통 시스템 임베디드 소프트웨어 개발자,서울 구로구,"1) 주요 업무 분야 : 머신 비젼, 영상 처리, 딥러닝 알고리즘 2) 사용 언어 : C, C++, 
Python 3) TensorFlow, Deep Learning 관련 지식 보유자 우대 4) Vision, Image..."
https://kr.indeed.com/viewjob?jk=d048ae09bb3258fc,[NAVER Z] 데이터 엔지니어,성남 분당구,"서비스 API 개발 및 운영자격요건 및 필요역량- 관련 분야 개발 경력 3년 이상- Scala/Java/
Python, Spark, Kafka(Stream) 기반 빅 데이터 처리 경험이 있으신 분- 빅데이터 엔지니어링 도구에..."
https://kr.indeed.com/viewjob?jk=ac9068957c550cb3,데이터 전문가(모델러/분석가/엔지니어) 모집,성남 판교역,"대용량 데이터를 효율적으로 사용하기 위한 기반 데이터 가공 지원자격 데이터 사이언스를 위한 언어(R/
Python/Scala) 및 도구(scikit-learn/Spark MLlib/Tensorflow/Pytorch 등)를..."
https://kr.indeed.com/viewjob?jk=e29bd57c416ee579,인재 Pool 등록,대한민국,"5년 이상 (IT기획, 프로젝트 PM/PL, 개발경력 등) - 자격 : 컴퓨터 언어 활용능력 보유 (JAVA, 
PYTHON) : 데이터베이스(RDBMS) 활용능력 보유 - 우대사항 : IT 예산(HW,SW,인건비) 수립 경험..."
https://kr.indeed.com/viewjob?jk=f02b84b51cccea64,2022년 2월 R&D 석박사 신입 (BMS/System/DX),과천 과천시,"해석모델 구축 (CFD, CAE 등) • 가상 검증 기반의 전지 제조 공정 시뮬레이터 개발 (Matlab, 
Python 등) 1) 석사/박사 학위 소지자 또는 2022년 8월 석사/박사 학위 취득 예정자 ※석박통합과정 진행중..."
https://kr.indeed.com/viewjob?jk=05c29a96c53d12ab,"머신러닝, 딥러닝 외 신입/경력 정규직",서울 구로구,"1) 주요 업무 분야 : 머신 비젼, 영상 처리, 딥러닝 알고리즘 2) 사용 언어 : C, C++, 
Python 3) TensorFlow, Deep Learning 관련 지식 보유자 우대 4) Vision, Image..."
https://kr.indeed.com/viewjob?jk=fb1465a52c7d01c8,AI SW 개발 경력사원 채용,서울,"및 개선 할 수 있는 역량 보유자 프로그래밍에 대한 실무역량 보유자(TensorFlow,PyTorch,
Python,C++등) [우대요건] Vision 또는 NLP 기술을 활용하여 프로젝트 및 솔루션 개발 경험자 0명..."
https://kr.indeed.com/viewjob?jk=7d205770c41f1c8b,현대백화점 데이터기획팀 데이터 분석/기획 경력,서울 삼성역,"Tableau등 OLAP툴 활용 대시보드 구성 및 분석 결과 리포팅 수행 경험 - 중급 이상의 R, 
Python, SQL 역량 및 데이터 핸들링(추출/전처리(EDA)/요약 등) 역량 보유 - 클라우드(또는 온프..."
https://kr.indeed.com/viewjob?jk=5c9f84f18b1b4944,2022 데이터 사이언티스트 부문,서울 강남구,"인터넷·IT·통신·모바일·게임>ERP·시스템분석·설계>딥러닝|인터넷·IT·통신·모바일·게임>빅데이터·AI(인공지능)>머신러닝|인터넷·IT·통신·모바일·게임>빅데이터·AI(인공지능)>
Python"
https://kr.indeed.com/viewjob?jk=4a0a7b36dbc554f9,Quantitative Research Intern,서울,"languages (C++ and 
Python preferred) Able... 예정자 우수한 학업 성적 프로그래밍 언어에 익숙한 분 (C++ 및 
Python 선호) 영어로 의사소통이 가능하신 분 글로벌 금융 시장에 대해 배우려는..."
https://kr.indeed.com/viewjob?jk=e7c8c2b11f24fb43,Software Engineer,서울,"languages, including... limited to: C++, Java, C and 
Python. Excellent written and verbal communication skills. About..."
https://kr.indeed.com/viewjob?jk=fb4d29cc4e9ea24a,Data Scientist,서울 영등포구,"기반 예측, 모델링 프로젝트 경험자 데이터 분석/모델링을 위한 언어 및 프레임워크 사용에 익숙하신 분 (
Python, R, SQL, Pandas, TensorFlow, Pytorch, Spark 등) 회사 내부 구성원들과..."
https://kr.indeed.com/viewjob?jk=22cd969d8399e6a3,1분기 게임 클라이언트 개발자 (신입/경력),서울 서초구,"분 * C/C++, C#, Swift, Objective C, Kotlin, Java, JavaScript, 
Python, Go.새로운 프로그래밍 언어를 습득하는데 어려움이 없거나 혹은 흥미를 갖고 있는 분게임엔진 사용 경험..."
https://kr.indeed.com/viewjob?jk=b3a6c83c9debcb92,네이버 파이낸셜 플랫폼 운영,성남 삼평동,"Docker(kubernetes) 및 어플리케이션 배포 전략 지식 보유 - Shell script, 
python 및 web framework 등 기타 프로그래밍 언어 활용 가능 - 국가보훈대상자 및 장애인은 법령에 의거..."
https://kr.indeed.com/viewjob?jk=587040f5f3bb4c26,[대기업] 클라우드 서비스 솔루션 개발,서울,"C++|인터넷·IT·통신·모바일·게임>응용프로그래머>클라우드|인터넷·IT·통신·모바일·게임>응용프로그래머>
Python|인터넷·IT·통신·모바일·게임>데이터베이스·DBA>데이터베이스개발자|인터넷·IT·통신·모바일·게임>데이터베..."
https://kr.indeed.com/viewjob?jk=8190cd1f86a60728,DeepLearning R&D Researcher,서울,"1 ~ 5년 내외 • 자연어 처리(NLP) or 이미지 처리(VISION) 관련 백그라운드를 보유한 분 • 
Python, C++ 등의 프로그래밍 언어를 1개 이상 자유자재로 다루고 Linux/Shell 환경에 익숙하신 분..."
https://kr.indeed.com/viewjob?jk=69ab906877d48391,1분기 웹 개발자 (신입/경력),서울 서초구,"purpose 프로그래밍 언어로 소프트웨어를 개발한 경험이 있는 분 * Java, JavaScript, 
Python, Swift, Kotlin. 인터넷·IT·통신·모바일·게임>게임(Game)>게임퍼블리싱|인터넷·IT·통신..."
https://kr.indeed.com/viewjob?jk=ab5949b780d04ec5,[CA] 웹 스크래핑 엔지니어,성남 분당구,"언어 실무 경험이 있는 분· 
Python 등의 스크립트 언어 실무 경험이 있는 분< 인터넷·IT·통신·모바일·게임>응용프로그래머>JAVA|인터넷·IT·통신·모바일·게임>응용프로그래머>
Python|인터넷·IT·통신·모바일·게임..."
https://kr.indeed.com/viewjob?jk=cadddc1d517bc19b,Renewable Energy Analyst,서울,"other solar energy modeling tools; Experience utilizing 
Python, R or Matlab (or similar) for statistical analysis and data..."
https://kr.indeed.com/viewjob?jk=899324b336ff680e,Data Engineer,서울 영등포구,"S3, AWS Glue, Spark, Airflow 기반의 Data Lake 플랫폼 운영 자격 요건 
Python 또는 JVM 기반 언어(Java, Scala) 중 하나 이상을 능숙히 사용 자료 구조, 알고리즘, 데이터베이스..."
https://kr.indeed.com/viewjob?jk=6d389529bece608b,자동차 전장 Security 분야 전문가,서울 강서구,"식에 대한 이해 - Linux 사용 경험 보유 (1년 이상) - Shell Scripting 제작 또는 
Python Programming 경험 2. 우대사항 - SDL (Security Development Lifecycle..."
https://kr.indeed.com/viewjob?jk=bd407dd1ccacd03a,[경력] 광고 시스템 개발 / CJ ENM 엔터테인먼트부문,서울 중구,"border-bottom-color: initial; 인터넷·IT·통신·모바일·게임>응용프로그래머>
Python|인터넷·IT·통신·모바일·게임>응용프로그래머>Linux|인터넷·IT·통신·모바일·게임>ERP·시스템분석·설계..."
https://kr.indeed.com/viewjob?jk=34d49641791b538a,"[연구소] 신입 개발자 (python/java, 웹개발 등)",서울 금천구,"연구소] 신입 개발자 모집합니다(
python/java, 웹개발 등) 모집부... 바일·게임>웹프로그래머>백엔드|인터넷·IT·통신·모바일·게임>웹프로그래머>
Python|인터넷·IT·통신·모바일·게임>통신·모바일>스마트폰 어플리케이션(App)"
https://kr.indeed.com/viewjob?jk=dae1d26d25c1ee21,[Beluga] 음성 (TTS/STT) 딥러닝 엔지니어 (경력 무관),서울 강남구,"경험을 보유하신 분독창적인 기술 제시 및 문제 해결을 위한 프로그래밍 능력을 보유하신 분 (C/C++/
Python/shell 등)오픈소스 기반 딥 러닝 프레임워크 활용 능력을 보유하신 분 (PyTorch/TensorFlow..."
https://kr.indeed.com/viewjob?jk=df21e3bb5d773616,Python Programmer,서울 서초구,"개발 – JAVA 프로그래밍(라이브러리 활용) – Spring 프레임 워크 개발 – 
Python API 프로그래밍 우대사항 – 
Python 개발 경험 – Open Source 라이브러리 개발경험 – Web 표준에 대한 경험..."
https://kr.indeed.com/viewjob?jk=3544467a7b64376f,[전문연구요원] 의료영상 리서치 엔지니어 정규직,서울 마포구,"학력무관직무기술: VISUALC++, 응용프로그래밍, C·C++, 
Python, AI개발 2 명 근무조건 고용형태: 정규직(수습기간3개월)근무부서... 머신러닝(ML)|인터넷·IT·통신·모바일·게임>응용프로그래머>
Python"
https://kr.indeed.com/viewjob?jk=2642a83874ea6bab,"영상처리, 컴퓨터 비전 전문가 (신입/경력)",성남 수정구,"인원 [담당업무]
Python, C++, MFC, C를 이용하여 - OpenCV 로 Visual SLAM 개발- MFC, 
Python을 이용하여 GUI... 통신·모바일·게임>응용프로그래머>
Python|인터넷·IT·통신·모바일·게임..."
https://kr.indeed.com/viewjob?jk=af389499ca50d42b,농업정책보험금융원 신규직원,서울,"통계 패키지*를 활용하여 통계, 응용통계 및 데이터 분석 업무 경력이 1년 이상인 자 * SAS, R, 
python 등 * 경력증명서(담당업무 혹은 소속부서로 업무 추정이 가능할 경우 소속부서가 명시되어야 함) 제출 ※ 우대..."
https://kr.indeed.com/viewjob?jk=defcaa5622920686,"즐겁게 함께 일할 신입 웹 개발자 (신입 1명, 경력 1명)",서울 구로구,"시스템 프론트엔드 유지 보수 및 신규 시스템 개발 업무* 사용기술 : JAVA, JAVA script, 
Python, Maria DB, 몽고DB* 희망연차 : 신입 ~ 3년 미만* 구인인원 : 신입 1명, 경력 1명 [근무시..."
https://kr.indeed.com/viewjob?jk=effbbb23f6fae87d,[인재 Pool / 상시 / 신입] R&D 박사,인천 연수구,"C++|인터넷·IT·통신·모바일·게임>응용프로그래머>Linux|인터넷·IT·통신·모바일·게임>응용프로그래머>
Python|인터넷·IT·통신·모바일·게임>네트워크·서버·보안>UNIX·LINUX계열 서버운영·관리|전자·기계·기술..."
https://kr.indeed.com/viewjob?jk=ebd9b7e972f551fc,서버 개발자 Python(Django) Developer (신입/경력),서울 마포구,"유관직무 경력자 서버 개발자 
Python(Django) Developer... 있습니다.■ 자격 요건 인터넷·IT·통신·모바일·게임>웹프로그래머>
Python|인터넷·IT·통신·모바일·게임>웹프로그래머>웹개발|인터넷·IT·통신..."
https://kr.indeed.com/viewjob?jk=b3cbb14fc91991a4,광고데이터플랫폼 개발자 모집,성남 판교역,"무와 데이터 파이프라인 시스템 설계/구축/관리 업무를 수행하게 됩니다. 지원자격 개발 경력 3년 이상 
Python, Java, Kotlin, Scala 중 하나 이상의 언어에 능통 SQL 또는 HiveQL에 능통 대용량..."
https://kr.indeed.com/viewjob?jk=63c1664eb48b9145,여행사업본부 2월 정기 수시,서울 중구,"소셜마케팅|인터넷·IT·통신·모바일·게임>웹프로그래머>JAVA|인터넷·IT·통신·모바일·게임>웹프로그래머>
Python|인터넷·IT·통신·모바일·게임>웹디자인>웹디자인|인터넷·IT·통신·모바일·게임>웹디자인>포토샵|디자인>광고..."
https://kr.indeed.com/viewjob?jk=b40a09bb26c18930,"S/W개발자, H/W개발자, 기구설계 전문가",서울 강서구,"집부문 담당업무 자격요건 인원 S/W개발자H/W개발자기구설계직 [담당업무][S/W 개발]- C, C++, 
Python 프로그래밍 가능- 영상 처리, 컴퓨터 비전, 머신러닝, 비디오 스트리밍 관련 개발 경력 보유- OpenCV..."
https://kr.indeed.com/viewjob?jk=0d82785770c4a1c0,[대기업 물류회사] 물류컨설팅팀 내부효율화 담당 (대리~과장급),서울 중구,"법률·인문사회·임원>임원·경영분석·컨설팅>컨설턴트|경영·인사·총무·사무>경영·기획·전략>전략기획|인터넷·IT·통신·모바일·게임>빅데이터·AI(인공지능)>
Python|인터넷·IT·통신·모바일·게임>빅데이터·AI(인공지능)>R"
https://kr.indeed.com/viewjob?jk=7585ef1908280606,데이터표준화 부문 경력,서울 강남구,"관리 2. 자격 요건 1) 필수 · Hadoop 데이터 플랫폼 사용 경험 · SQL, Spark(Scala, 
Python)등 데이터 처리 언어 1종 이상 숙련 · 대규모 트래픽 서비스, 대용량 배치처리 시스템의 Backend..."
https://kr.indeed.com/viewjob?jk=6772b950fe8ee995,임베디드(ARM/x86) 산업 프로토콜 개발 정규직,안양 동안구,"요건ㆍ학력 : 학력무관ㆍ경력 : 2년 이상ㆍWindows/Linux 환경 개발 경험자ㆍC#, Java, C, 
Python 중 1개 이상 가능자 우대사항ㆍ공학계열ㆍLinux 시스템에 대한 대략적인 이해ㆍ임베디드 소프트웨어/전기..."
https://kr.indeed.com/viewjob?jk=9a9114891599cd9b,2022년 상반기 정보보안 엔지니어 - 취약점 파트,서울 금천구,"Top 10에 대한 설명과 구현/조치 가능 국내 컴플라이언스 대응 경험 (주요정보통신기반시설 가이드 등) 
Python 활용자 Kali 및 Metasploit 경험자-군필자, 경력자, 관련 학과 졸업자 우대 * 자격요건과 우대..."
https://kr.indeed.com/viewjob?jk=3bb02c9776a47dd7,"솔루션 기반 프로그래머(java, c#, python)",서울 금천구,"업무- 개발자 역할로 프로젝트 수행- BIOVIA 솔루션 관련 교육을 통해 기능 숙지 및 java, C#, 
Python 등을 사용하여 개발업무 분담 [근무시간 및 형태] 주 5일 근무 (오전) 9시 00분~(오후) 6시 00..."
https://kr.indeed.com/viewjob?jk=22ffe020e40de675,[포티투마루] 인공지능(AI) 개발자 전 부문,서울 서초구,"인터넷·IT·통신·모바일·게임>빅데이터·AI(인공지능)>
Python|인터넷·IT·통신·모바일·게임>빅데이터·AI(인공지능)>머신러닝|인터넷·IT·통신·모바일·게임>빅데이터·AI(인공지능)>딥러닝|인터넷·IT·통신·모바일·게임..."
https://kr.indeed.com/viewjob?jk=93d196ee3158a5c0,보안전문 기업 씽크에이티와 함께할 개발자,서울 구로구,"globalcall api - asterisk 연동 환경 : node.js - 시스템 운영 관리 언어 : 
python, 쉘 스크립트 - MFC 인프라 운영 운영체제 운영 관리 경험. - CentOS 5,6,7 - RHEL 5..."
https://kr.indeed.com/viewjob?jk=2b2dcd3ffe3d53df,카카오 데이터의 가치를 발굴할 데이터 분석가 모집,성남 판교역,"및 해석) －데이터 분석 업무를 수행할 수 있는 언어 스킬 필수 (1) SQL 필수 (2) R 또는 
Python을 다룰 수 있는 분 (SAS, SPSS, GA, tableau 등 통계 툴만 사용 가능한 경우 제외) －하둡..."
https://kr.indeed.com/viewjob?jk=35f0a25dee5f3312,딥러닝 알고리즘 및 응용 Engineer,성남 분당구,"모바일·게임>빅데이터·AI(인공지능)>인공지능(AI)|인터넷·IT·통신·모바일·게임>빅데이터·AI(인공지능)>
Python|인터넷·IT·통신·모바일·게임>빅데이터·AI(인공지능)>머신러닝|인터넷·IT·통신·모바일·게임>빅데이터..."
https://kr.indeed.com/viewjob?jk=14d562d10c215572,"PHP, Python 신입/경력 정규직",서울 금천구,"주식회사 비즈부스터 PHP, 
Python 개발자 채용 모집부문 및 자격요건 담당업무 자격요건 인원 [담당업무]*당사의 서비스(비즈탑) 솔루션 및 서비... 프로그래머>PHP |인터넷·IT·통신·모바일·게임>웹프로그래머>
Python"
https://kr.indeed.com/viewjob?jk=cc7b52117054782e,웹보드(고스톱/포커)게임FDS 데이터 분석 전문가 (신입),대한민국,"색과 인사이트 도출이 가능한 분 - 합리적인 커뮤니케이션을 통해 원활한 협업이 가능한 분 우대사항 - 
python, sql 등을 통한 데이터 분석 경험이 있는 분 - 데이터 분석을 전공하신 분 모집기간 채용시 마감..."
https://kr.indeed.com/viewjob?jk=f8bfec7bfbdffd0a,애플리케이션 개발자&컨설턴트 정규직,서울 강남구,"Platform 컨설팅> JAVA/
Python/JScript 등의 개발... 경력(연차무관)학력사항: 대학(2,3년)졸업 이상직무기술: java, 
Python, javascript기타: > Basic SQL, HTML, CSS..."
https://kr.indeed.com/viewjob?jk=c35e9b72a11aa338,[신입/경력] 의료영상/음성인식/생체신호 연구원,서울 서초구,"게임>빅데이터·AI(인공지능)>인공지능(AI)|인터넷·IT·통신·모바일·게임>빅데이터·AI(인공지능)>딥러닝|인터넷·IT·통신·모바일·게임>응용프로그래머>C·C++|인터넷·IT·통신·모바일·게임>응용프로그래머>
Python"
https://kr.indeed.com/viewjob?jk=6cfffc13b8a012c3,Product Test Engineer,서울,"Knowledge of Compute Language in either C++/C or VB, 
Python is preferred.. Good command of oral and written English. Good..."
https://kr.indeed.com/viewjob?jk=61b23b6cfda8ab6c,데이터 분석가 (신입/경력),서울 금천구,"빅데이터·AI(인공지능)>빅데이터|인터넷·IT·통신·모바일·게임>빅데이터·AI(인공지능)>데이터분석|인터넷·IT·통신·모바일·게임>빅데이터·AI(인공지능)>
Python|인터넷·IT·통신·모바일·게임>데이터베이스·DBA>SQL"
https://kr.indeed.com/viewjob?jk=754c753b40444d9b,"[EY한영] BD팀 Account Manager, Operation 경력직 모집",서울 영등포구,"스킬 보유 - 영어 가능 인력(English Speaking/Writing) - Power BI, R, 
Python 등을 활용한 데이터 분석 역량 보유 우대 0명 * 전형절차 - 1차 서류 심사 - 2차 실무/임원..."
https://kr.indeed.com/viewjob?jk=f2363d8383f5cb87,MCP사업부 매점운영(데이터분석) 경력사원,서울 마곡역,"구매 성향 분석 -. 데이터 분석 플랫폼 구축 필요경력 -. Data 분석 Tool (SQL/R/
Python 등) 활용 업무 경험 5년 보유Skill(우대사항) -. 관련학과(컴퓨터공학/수학/통계학) 학사 이상..."
https://kr.indeed.com/viewjob?jk=c2870a3711a0e41e,데이터분석 SW개발 경력인재 - 대그룹 우량계열사,성남 분당구,"통신·모바일·게임>빅데이터·AI(인공지능)>데이터분석|인터넷·IT·통신·모바일·게임>빅데이터·AI(인공지능)>
Python|인터넷·IT·통신·모바일·게임>빅데이터·AI(인공지능)>머신러닝|인터넷·IT·통신·모바일·게임>빅데이터..."
https://kr.indeed.com/viewjob?jk=d8a8869ab092f731,데이터 엔지니어 및 사이언티스트,성남 판교역,"등 데이터 엔지니어와 사이언티스트의 업무를 경계 없이 수행하게 됩니다. 지원자격 개발 경력 3년 이상 
Python, Scala, Java, C++ 중 하나 이상의 언어에 능통 SQL 또는 HiveQL에 능통 대용량 데이..."
https://kr.indeed.com/viewjob?jk=07375dc4e800dfa9,추천 시스템 소프트웨어 엔지니어,성남 판교역,"관련 업무 경험자 우대사항 운영체제, 네트워크, 컴파일러, 데이터베이스에 대한 이해가 깊으신 분 
Python, C++, GPU 프로그래밍 숙련자 대용량/실시간 서비스 개발/운영 경험이 많으신 분 ICPC/TopCoder..."
https://kr.indeed.com/viewjob?jk=aac8e9355cb855ac,[인재풀] 아티스트 ART,서울,"Maya or 3D Max등의 아트웍 툴 사용 경험 Max script 또는 Mel Script의 사용 경험 C# 또는 
Python 언어에 대한 이해 및 활용 능력 아트웍 관련 툴 제작 또는 플러그인 제작 경험"
https://kr.indeed.com/viewjob?jk=12847e20c52e04d2,(주)슬레이트 미디어 백엔드 개발자,서울 구로구,"발업무를 3년 이상 수행한 경험이 있는 분- Mysql DB 구조 설계 및 SQL 개발 역량을 보유한 분- 
python 서버 개발 가능 하신 분 (프레임워크 : flask 등 무관)- AWS를 활용한 개발, 운영 경험이 있으..."
https://kr.indeed.com/viewjob?jk=8af26b37623864c4,8퍼센트 개발자 (신입/경력),서울 종로구,"개발 금융 데이터 분석과 분석 플랫폼 운영 자격요건 컴퓨터 전공자 또는 웹 개발 경력 1년 이상 우대사항 
Python 코드를 무리 없이 읽으실 수 있는 분 Linux/Mac 사용 가능한 분 새로운 기술에 대한 호기심을 가지신..."
https://kr.indeed.com/viewjob?jk=2a494e5becfb158a,[Creative] IT/System Engineer (5년 이상),서울 강남구,"제작하고 있습니다. 우리 팀과 함께할 미션을 소개합니다. C++ / 
python 을 이용한 파이프라인 툴 개발 및 개선 TA 및 게임개발 엔지니어와... 통신·모바일·게임>응용프로그래머>
Python|인터넷·IT·통신·모바일·게임..."
https://kr.indeed.com/viewjob?jk=4aba08f2c6bbc940,[데브구루] 서울시 청년인턴 QA엔지니어 정규직,서울 금천구,"요구사항 분석 및 테스트 계획 설계와 관련된 지식을 보유하신 분- 
Python에 관심이 있거나 익숙하신 분(8)근무지: 서울시 금천구 가산디지털1로... 계와 관련된 지식을 보유하신 분- 
Python에 관심이 있거나 익숙하신 분..."
https://kr.indeed.com/viewjob?jk=aff693998a61fb81,산학겸임교사(정보 분야),서울 대치동,"아래와 같이 추가 채용 공고합니다. 1. 채용부분 가. 구분: 산학겸임교사(3명) 나. 분야: C언어, 
Python, JAVA, 데이터베이스, Linux, 웹프로그래밍 다. 채용기간: 2022. 3. 1.(또는 채용일..."
https://kr.indeed.com/viewjob?jk=754be9e3d78fa802,2021년 상반기 R&D 개발자 (병역특례 가능/경력 무관),인천 연수구,"담당업무: - 블루투스 메시 기반 위치 추적 솔루션 개발 - 상기 솔루션의 임베디드 펌웨어 개발 - C(필수), 
Python, Javascript 프로그래밍 언어 사용 - 기술 지원 [자격요건] 경력사항: 무관 (신입도 지원..."
https://kr.indeed.com/viewjob?jk=bd7907d1248e436d,[AI/LAB] 머신러닝 리서치 엔지니어 (전문연구요원 가능),서울,"찾습니다 논문을 빠르고 정확하게 이해하고 구현할 수 있으신 분 최신 딥러닝 기술 동향을 파악하고 계신 분 
Python 사용 능력이 능숙하신 분 ※ 참고사항 : 해당 직군은 상세 경력기술서 제출이 필수입니다. 이런 분은 더욱..."
https://kr.indeed.com/viewjob?jk=86921958794c4e75,Test Validation Engineer (m/w/d),대한민국,"programming in C, C++, Java or scripting languages (
Python, PHP, Perl, etc.) is beneficial * Familiarity with automotive bus..."
https://kr.indeed.com/viewjob?jk=192c20f6f0f64ab3,[2022 전문연구요원] AI R&D - Language AI,성남 판교역,"기술을 서비스에 적용하기 위한 MLOps 플랫폼을 개발합니다. 지원자격 학력 : 석사 이상 필수조건 - 
Python, Java등 한 가지 이상의 컴퓨터 프로그래밍 언어를 활용할 수 있으신 분 - 머신러닝/딥러닝 기술에 대한..."
https://kr.indeed.com/viewjob?jk=f9a30da64da7f738,[NHN SOFT] iOS 앱개발,성남 분당구,"통신·모바일·게임>웹프로그래머>
Python|인터넷·IT·통신·모바일·게임... 로그래머>증강현실(AR)|인터넷·IT·통신·모바일·게임>응용프로그래머>
Python|인터넷·IT·통신·모바일·게임>응용프로그래머>머신러닝(ML)|인터넷..."
https://kr.indeed.com/viewjob?jk=4d08d3e1f1815e21,현대백화점 H.Point팀 데이터 분석/기획 경력,서울 삼성역,"적용 모델링 - OLAP툴, R, 
Python, SQL 등 활용 분석 수행 및 리포팅 - 학사 이상 학위 취득자 - OLAP툴 사용 경험(3년 이상) - R, 
Python, SQL 등 심화 분석툴 경험(2년..."
https://kr.indeed.com/viewjob?jk=48c982e865d9303a,개발직군 산업기능요원 보충역 신규 특별,서울 강남구,"통신·모바일·게임>빅데이터·AI(인공지능)>머신러닝|인터넷·IT·통신·모바일·게임>빅데이터·AI(인공지능)>
Python|인터넷·IT·통신·모바일·게임>응용프로그래머>머신러닝(ML)|인터넷·IT·통신·모바일·게임>응용프로그래머..."
https://kr.indeed.com/viewjob?jk=4022f49bc50ef230,[보안] 네트워크/시스템 보안 관리,성남 판교역,"경의 시스템 보안 관리 경험 - 정보통신망법, 개인정보보호법, 전자금융감독규정 등 컴플라이언스의 이해 - 
Python, Script Language 활용 능력 공통지원자격 - 병역필 혹은 면제로 해외여행에 결격 사유가..."
https://kr.indeed.com/viewjob?jk=d9648e0fb9a4fd79,Digital Healthcare(신약개발 R&D 웹 플랫폼 개발) 경력 구성원 영입,성남 분당구,"VM)|인터넷·IT·통신·모바일·게임>웹프로그래머>백엔드|인터넷·IT·통신·모바일·게임>웹프로그래머>프론트엔드|인터넷·IT·통신·모바일·게임>응용프로그래머>자바스크립트|인터넷·IT·통신·모바일·게임>응용프로그래머>
Python"
https://kr.indeed.com/viewjob?jk=4b9e10fafa9f733c,[네이버파이낸셜] 대안신용평가 모델 개발 및 운영,서울,"리스크 전략 운영 시스템 관리 가능하신 분 - SAS, SQL, R, 
Python 등을 활용한 데이터 핸들링 및 분석에 능숙한 분 - R, 
Python 등을 활용한 ML 개발 경험이 있는 분 - 팀웍 및 독립적으로 프로젝트..."
https://kr.indeed.com/viewjob?jk=75dc4f0f4f465428,그룹 AI 및 Data분석 프로젝트 기획 및 수행 차부장급,서울,"장비, 제조설비 분야 도메인 지식 - AI/Data 표준 프로세스 체계 관련 지식 Skill : - C++/
Python 등 언어 기반 프로그램 개발 능력 - Tensorflow 등 deep learning framework을..."
https://kr.indeed.com/viewjob?jk=26fc3f142982bbed,스마트폰 어플리케이션(App) 경력 정규직,성남 분당구,"iOS에서 충분한 개발 경험 • Java, javascript 또는 
Python 언어로 APP 개발 경험 보유 • RESTful API 연동 경험자... javascript 또는 
Python 언어로 APP 개발 경험 보유..."
https://kr.indeed.com/viewjob?jk=71e7bdfc94328eec,"Customer Engineer, Corporate, Google Cloud",서울 강남구,"scripting/programming languages: Java, Go, Kotlin, C#, 
Python, Perl... Shell Scripting.Ability to rapidly prototype..."
https://kr.indeed.com/viewjob?jk=649ccf047c868778,"금융 데이터 분석 엔진, 로보어드바이저 개발자",서울 영등포구,"시스템, 머신러닝, 자연어처리. 패턴분석 - 다음 언어에서 최소 한 가지 이상 능숙자: Java, C++, 
Python, JavaScript 우대사항 - 석사이상 컴퓨터공학 (Computer Science) 분야 또는..."
https://kr.indeed.com/viewjob?jk=016de9bb83a8032d,JR0186078 AI Research Engineer Intern,서울,"architectures, and optimization strategiesProgramming skills with 
Python/C++Experience working with one or more deep learning..."
https://kr.indeed.com/viewjob?jk=8fa17c6073918c5b,하둡 플랫폼 서비스 개발자 모집,성남 판교역,"대한 기본 지식 * Hadoop/ecosystem 활용/개발 경험 3년 이상 * Java 필수, 그 외 
Python, Ruby 중 1개 이상 언어로 개발 가능 * Web framework를 이용한 서비스 개발 경험 [우대..."
https://kr.indeed.com/viewjob?jk=0e79741c386e3d51,11번가 검색서비스 개발 분야,서울 강남구,"api 개발 운영자격 요건대용량 Redis data 운영 경험있으신분
python / java / oracle, mySql DB 에 능숙하신분고성능... 게임>빅데이터·AI(인공지능)>
Python|인터넷·IT·통신·모바일·게임..."
https://kr.indeed.com/viewjob?jk=6d15c3420e935aea,AI 분야 경력,서울,"이상 (AI 관련 논문 발표) ② AI/딥러닝 알고리즘 연구개발 프로젝트 경험 ③ Ubuntu Linux, 
Python, Tensorflow, PyTorch 사용 중상급 이상 우대사항(해당 내용 중 1개 이상) ① AI/머신..."
https://kr.indeed.com/viewjob?jk=a0397bd0c63f81ea,DevSecOps Engineer,서울,"other K8s ecosystem Experience with scripting languages... 
Python / Ruby / Go. Good written/verbal communication skills..."
https://kr.indeed.com/viewjob?jk=8c8c96a3ffac77f8,데이터 엔지니어 경력 정규직,서울 중구,"Redshift, Snowflake 등) 설계, 개발, 운영 경험• 
Python/R/dbt, Kafka/Airflow 등을 사용하여 데이터 전처리를... 게임>빅데이터·AI(인공지능)>
Python|인터넷·IT·통신·모바일·게임..."
https://kr.indeed.com/viewjob?jk=70a318a782ff1cbf,"목동 컴퓨터 학원 코딩 강사 (정규직 및 계약직,경력무관)",서울 양천구,"2,3년)졸업 이상 기타: [IT·문화·직업강사] - C, C++, 
Python 언어 수업 가능자 [교육상담·학원에이전트 ] - CS 마인드 보유자... 문화·직업강사]- C, C++, 
Python 언어 수업 가능자[교육상담..."
https://kr.indeed.com/viewjob?jk=0c067de742005bfc,Associate Software Engineer (AvionX),서울,"software coding more than 1+ software languages (e.g. C, C++, 
Python, model based engineering and so on) Proper English..."
https://kr.indeed.com/viewjob?jk=d13fce11058e6cf1,보안 모니터링 시스템 개발 및 운영 담당자 모집,성남 판교역,"이터 분석을 위한 SIEM/ETL 플랫폼 개발/운영 지원자격 기본사항 경력 3년 이상 Java, 
Python 등의 언어로 개발 가능자 기본적인 웹 개발 및 Back-End 개발 가능자 DBMS 혹은 빅데이터(NoSQL..."
https://kr.indeed.com/viewjob?jk=f94102acc758f433,Explainable AI 연구 개발 신입 채용,성남 서현동,"분야 박사 학력 이상(졸업예정 포함) - 연구에 필요한 필수 기술 능통(
Python, R, Mathlap 등 언어의 종류는 무관) [선호 경험/역량... 연구에 필요한 도구 및 언어에 능통 (
Python, R등의 언어 능력과..."
https://kr.indeed.com/viewjob?jk=f42242989b39b5e1,자동차 전장 ADAS SW 분야 전문가,서울 강서구,"multi-view geometry - 중급 이상 C/C++/
Python 개발 및 computer vision관련 tool 활용 가능... 트롤 - 중급 이상 C/C++/
Python/MATLAB 및 computer..."
https://kr.indeed.com/viewjob?jk=9ff286e5c18f8065,[Forest CIC] NAVER Shopping Data Solution 직무별 담당자 (경력),서울,"비정기적 데이터의 현황을 인사이트 있게 분석 하고 , 간결한 언어로 리포팅 경험이 많으신 분 - R/
Python, SQL 등 분석툴 활용 능력이 가능하신 분 - 데이터 모델링을 위한 수학적 , 통계적 지식이 있으신 분..."
https://kr.indeed.com/viewjob?jk=f5c40ec89231fd10,음성인식 서버 개발 및 운영 전문가,서울 종로구,"기반의 API 설계 및 개발 경험개발 역량– C/C++, Java, 
Python, shell script 등 리눅스 환경 실무 개발 가능– 병렬화 및... 통신·모바일·게임>응용프로그래머>
Python|인터넷·IT·통신·모바일·게임..."
https://kr.indeed.com/viewjob?jk=802fcbf583b96fb5,[고용노동부 x 모두의연구소] AI 온라인 교육과정 교육생,서울 노원구,"모집안내 1) 모집 기간 : 각 회차별로 개강일 전일 18시까지 2) 모집 대상 : 전공 무관, 파이썬(
Python) 기초 과정을 수강하길 원하는 3~4학년 누구나 (졸업예정자, 기졸업자도 포함) 3) 참가비 : 교육..."
https://kr.indeed.com/viewjob?jk=9ab2041ab3380a21,[카카오톡] 안티어뷰징을 위한 데이터/백엔드 엔지니어 및 머신러닝 전문가 모집,성남 판교역,"Engineer, Data Scientist 해당 분야에서 활용되는 언어 및 도구를 능숙하게 다룰 수 있는 분(
Python, Scala, PyMC, PySpark, Tensorflow 등) 우대 사항 컨테이너 환경에서의..."
https://kr.indeed.com/viewjob?jk=f0fa048255eee14e,"인공지능(AI), 머신러닝(ML) 외 경력 정규직",서울 영등포구,"모바일·게임>응용프로그래머>인공지능(AI)|인터넷·IT·통신·모바일·게임>응용프로그래머>머신러닝(ML)|인터넷·IT·통신·모바일·게임>응용프로그래머>
Python|인터넷·IT·통신·모바일·게임>소프트웨어·하드웨어>소프트웨어"
https://kr.indeed.com/viewjob?jk=cfa14d157a463a6e,NAND Design Engineer (Technologist),서울,"flow Familiar with verilog, system verilog, C/C++, Perl, 
Python, Good communication skill Additional Information Western..."
https://kr.indeed.com/viewjob?jk=375d31c1f3157770,Machine Learning Engineer,서울,"statistics and algorithms • Ability to write robust code in 
Python, Java and R • Familiarity with machine learning..."
https://kr.indeed.com/viewjob?jk=9d0aa83c1e8f086e,카카오 전사QA 모집,성남 판교역,"능력 보유 능동적이고 빠른 실행력 보유 [우대사항] 테스트 자동화 설계 경험자 혹은 스크립트 언어(
python, java, javascript 등) 가능자 다앙한 테스트 도구(Postman, Appium, Selenium..."
https://kr.indeed.com/viewjob?jk=33fb77d1e2d08d30,[에누리가격비교] 써머스플랫폼 데이터사이언티스트,서울 금천구,"터를 가공/시각화하고 이를 분석하여 인사이트를 얻고 설득하는 것에 즐거움을 느끼시는 분[우대사항]ㆍ R,
Python,C++ 중 한가지 언어를 능숙하게 다루시는 분ㆍ Keras(Tensorflow) 기반의 NLP분야의 Deep..."
